{"stats":{"minecraft:dropped":{"minecraft:repeater":1,"minecraft:dark_oak_sign":1},"minecraft:custom":{"minecraft:time_since_rest":201447,"minecraft:crouch_one_cm":1288,"minecraft:sprint_one_cm":102,"minecraft:play_time":201447,"minecraft:walk_one_cm":31986,"minecraft:sneak_time":7759,"minecraft:drop":2,"minecraft:jump":105,"minecraft:leave_game":3,"minecraft:time_since_death":201447,"minecraft:total_world_time":226521,"minecraft:fly_one_cm":918698},"minecraft:picked_up":{"minecraft:repeater":32,"minecraft:lever":12,"minecraft:dark_oak_sign":1,"minecraft:redstone_torch":51,"minecraft:stone_button":2,"minecraft:redstone":298},"minecraft:used":{"minecraft:redstone_torch":189,"minecraft:sticky_piston":135,"minecraft:glass":98,"minecraft:piston":29,"minecraft:lever":17,"minecraft:honey_block":25,"minecraft:glowstone":5,"minecraft:repeater":92,"minecraft:redstone_lamp":16,"minecraft:lime_concrete":330,"minecraft:comparator":4,"minecraft:daylight_detector":12,"minecraft:light_blue_concrete":166,"minecraft:gray_glazed_terracotta":3,"minecraft:yellow_concrete":761,"minecraft:red_concrete":258,"minecraft:dark_oak_sign":6,"minecraft:redstone":590,"minecraft:slime_block":61,"minecraft:stone_button":10,"minecraft:oak_sign":1,"minecraft:smooth_stone_slab":185,"minecraft:spruce_planks":142,"minecraft:redstone_block":121,"minecraft:observer":37,"minecraft:white_dye":2,"minecraft:spruce_log":43,"minecraft:glow_ink_sac":4}},"DataVersion":3218}